resolution,dofs,cells,cut_fraction,intorder,quadrature_points,nonempty_cells,threads,segmented_linear_setup_ms,flattened_linear_setup_ms,segmented_bilinear_setup_ms,flattened_bilinear_setup_ms,segmented_linear_assembly_ms,flattened_linear_assembly_ms,segmented_bilinear_assembly_ms,flattened_bilinear_assembly_ms
64,4225,8192,0.1,1,960,896,4,0.07600599974466604,0.019467000129225198,0.614632999713649,0.4232740002407809,0.18763400021271082,0.1422390000698215,0.3616069998315652,0.32066400035546394
64,4225,8192,0.5,1,4096,4096,4,0.08758700005273568,0.050597000154084526,1.4238059998206154,1.2838770003327227,0.1981470004466246,0.17451499979870277,0.43075300027339836,0.41811499977484345
64,4225,8192,0.9,1,7488,7424,4,0.09347699960926548,0.08345100013684714,2.270201000101224,2.2219580000637507,0.22331099989969516,0.19420699982219958,0.5047839999861026,0.4864920001637074
64,4225,8192,0.1,2,2880,896,4,0.07929299999887007,0.03843099966616137,0.6237990000954596,0.8702110003468988,0.1978160003091034,0.14462600029219175,0.3708949998326716,0.9281749998990563
64,4225,8192,0.5,2,12288,4096,4,0.10807400030898862,0.1327660002061748,1.4604980001422518,2.990569000303367,0.2465979996486567,0.1847879998422286,0.5458919999909995,1.2341729998297524
64,4225,8192,0.9,2,22464,7424,4,0.13395900032264763,0.22241400029088254,2.3079469997355773,5.313360999934957,0.2803509996738285,0.2493270003469661,0.7241280000016559,1.4034179998816398
64,4225,8192,0.1,4,8640,896,4,0.09518599972579977,0.0934400000005553,0.6389420000232349,2.717473999837239,0.22829799991086475,0.16891400036911364,0.4801049999514362,2.856482999959553
64,4225,8192,0.5,4,36864,4096,4,0.1884150001387752,0.38564299984500394,1.5422569999827829,10.490834999927756,0.3013689997715119,0.29704200005653547,1.005212000109168,3.8662700003442296
64,4225,8192,0.9,4,67392,7424,4,0.29545200004577055,0.7087150002007547,2.4839239999892015,19.569305000004533,0.407746999826486,0.5159610000191606,1.6268320000563108,4.7975640000004205
